{"N":6,"coeff":[[[0.0006809970824517011,-0.012122284174809346,0.047297859755648076,0.0,0.0,0.0],[0.005310152936861822,-0.050688491702157334,0.12483046869837759,0.0,0.0,0.0],[0.0008739363180902106,-0.009138639898467396,0.006531252911363435,0.0,0.0,1.0]],[[0.034158094561291805,-0.0012538557444999876,-0.038093178257868364,-0.06666027230181089,0.22222201268364428,0.5054553458357078],[-0.013798189225943657,0.03405932680611505,0.01867266380571621,-0.1763637310447534,-0.02215291180499182,0.557353459341397],[0.015621371717184427,0.004809017985199361,-0.02110832858301993,-0.21189654448261944,-0.5355554498944328,0.5533477446343644]],[[-0.06442806518597885,0.07536944515490747,0.028409139060101136,-0.0885997498400638,0.1458735829186601,0.5888658615887253],[0.004944806197461646,0.0031072840032199296,0.05202146080427039,-0.12255955952955074,-0.1596177925079459,0.5147320047431421],[0.05884303437888943,0.03985081644967579,0.018963976104595447,-0.22039271800232957,-0.7335301775639594,0.2689993002634]],[[-0.007093200264921436,-0.030731357421078936,0.057813324458778605,-0.034492388926383566,0.1037368283192074,0.6289520872795337],[-0.014749598734773012,0.011250441874233704,0.06147924125672677,-0.06736868595011125,-0.22268593843789689,0.4507791808723116],[-0.07135946238548067,0.13675413266109018,0.13529791713140962,-0.154692705325788,-0.8633790029476042,0.004868810468641127]],[[0.06439196517979764,-0.05538811297090227,-0.061931030711142615,-0.02686902088652443,0.09001527004927179,0.6954963692431056],[0.024654646354515704,-0.040020809024997724,0.021475638740484387,0.04392058187789866,-0.22932003167781628,0.28429262761392127],[0.01708240618146525,-0.11129932057453455,0.1706914239121936,0.2842959063128595,-0.7818294093044766,-0.6043186226640215]],[[-0.010747586251753746,0.05915785141424057,-0.05924865675801835,-0.1060374071271446,0.04256042965646492,0.7208114041634488],[-0.001036311757385077,0.0038369958325977474,-0.004271112523790873,0.04755064152943091,-0.1951471776182408,0.20873159282251166],[0.015393361764935996,-0.08091166763350326,0.03392285070133204,0.3896451554036665,-0.533400641317956,-0.8404892967453972]]],"durations":[3.1919162975504203,0.4486391988986267,0.3293620637829633,0.6952223151448392,0.3557771969384793,2.472164128970732]}
